StartDate,EndDate,Status,Progress,Duration (in seconds),Finished,RecordedDate,ResponseId,DistributionChannel,UserLanguage,Data Agreement,Age,Gender,Income,Energy Consumption,Tariff,payment_1,Region,Household_size,Concern_1,RES_attitude_1,Providers,Appliances,Task1_1,Task1_2,Task1_3,Task1_4,Set1,Time_Set1_First Click,Time_Set1_Last Click,Time_Set1_Page Submit,Time_Set1_Click Count,Set2,Time_Set2_First Click,Time_Set2_Last Click,Time_Set2_Page Submit,Time_Set2_Click Count,Set3,Time_Set3_First Click,Time_Set3_Last Click,Time_Set3_Page Submit,Time_Set3_Click Count,Set4,Time_Set4_First Click,Time_Set4_Last Click,Time_Set4_Page Submit,Time_Set4_Click Count,Set5,Time_Set5_First Click,Time_Set5_Last Click,Time_Set5_Page Submit,Time_Set5_Click Count,Set6,Time_Set6_First Click,Time_Set6_Last Click,Time_Set6_Page Submit,Time_Set6_Click Count,Set7,Time_Set7_First Click,Time_Set7_Last Click,Time_Set7_Page Submit,Time_Set7_Click Count,Set8,Time_Set8_First Click,Time_Set8_Last Click,Time_Set8_Page Submit,Time_Set8_Click Count,Set9,Time_Set9_First Click,Time_Set9_Last Click,Time_Set9_Page Submit,Time_Set9_Click Count,Set10,Time_Set10_First Click,Time_Set10_Last Click,Time_Set10_Page Submit,Time_Set10_Click Count,Set11,Time_Set11_First Click,Time_Set11_Last Click,Time_Set11_Page Submit,Time_Set11_Click Count,Set12,Time_Set12_First Click,Time_Set12_Last Click,Time_Set12_Page Submit,Time_Set12_Click Count,Comments
Start Date,End Date,Response Type,Progress,Duration (in seconds),Finished,Recorded Date,Response ID,Distribution Channel,User Language,"Chcel by som Vás poprosiť o zdieľanie Vášho názoru o trhu s elektrickou energiou. 

Vaše odpovede sú veľmi cenné pre výskum a budú použité v súlade s etickými zásadami. Žiadne osobné dáta nie sú zbierané a odpovede sú úplne anonymné. 

Ďakujem Vám vopred za Váš čas pri pomoci pochopiť trh s elektrickou energiou!",Koľko máte rokov?,Aké je Vaše pohlavie?,Aký je približný mesačný príjem Vašej domácnosti?,"Viete, aké je Vaše sadzobné pásmo za spotrebu elektriny?",Zadajte Vaše sadzobné pásmo:,Aká je Vaša približná mesačná platba za elektrickú energiu? - Platba v €,Kde bývate?,Koľko ľudí býva vo Vašej domácnosti?,"Ako veľmi sa obávate, že produkcia elektrickej energie nenávratne poškodí prírodné prostredie? - Moja obava","Myslíte si, že produkcia energie z obnoviteľných zdrojov (OZ) pomáha zlepšovať životné prostredie? - Produkcia z OZ ...",Ktorých dodávateľov energie poznáte?,"Vyberte všetky spotrebiče, ktoré vlastníte",Zvoľte - Pravidelne a vedome znižujem teplotu na termostate,Zvoľte - Zaujímam sa o zdroj elektrickej energie môjho poskytovateľa,Zvoľte - Vedome šetrím spotrebu elektrickej energie (napr. vypínanie svetiel a spotrebičov),Zvoľte - Nakupujem šetrnejšie spotrebiče,Ktorý z plánov elektrickej energie by ste si zvolili?,Timing - First Click,Timing - Last Click,Timing - Page Submit,Timing - Click Count,Ktorý z plánov elektrickej energie by ste si zvolili?,Timing - First Click,Timing - Last Click,Timing - Page Submit,Timing - Click Count,Ktorý z plánov elektrickej energie by ste si zvolili?,Timing - First Click,Timing - Last Click,Timing - Page Submit,Timing - Click Count,Ktorý z plánov elektrickej energie by ste si zvolili?,Timing - First Click,Timing - Last Click,Timing - Page Submit,Timing - Click Count,Ktorý z plánov elektrickej energie by ste si zvolili?,Timing - First Click,Timing - Last Click,Timing - Page Submit,Timing - Click Count,Ktorý z plánov elektrickej energie by ste si zvolili?,Timing - First Click,Timing - Last Click,Timing - Page Submit,Timing - Click Count,Ktorý z plánov elektrickej energie by ste si zvolili?,Timing - First Click,Timing - Last Click,Timing - Page Submit,Timing - Click Count,Ktorý z plánov elektrickej energie by ste si zvolili?,Timing - First Click,Timing - Last Click,Timing - Page Submit,Timing - Click Count,Ktorý z plánov elektrickej energie by ste si zvolili?,Timing - First Click,Timing - Last Click,Timing - Page Submit,Timing - Click Count,Ktorý z plánov elektrickej energie by ste si zvolili?,Timing - First Click,Timing - Last Click,Timing - Page Submit,Timing - Click Count,Ktorý z plánov elektrickej energie by ste si zvolili?,Timing - First Click,Timing - Last Click,Timing - Page Submit,Timing - Click Count,Ktorý z plánov elektrickej energie by ste si zvolili?,Timing - First Click,Timing - Last Click,Timing - Page Submit,Timing - Click Count,"Ďakujem Vám veľmi pekne za vyplnenie prieskumu. V prípade, že máte pripomienky, komentáre alebo by ste chceli vedieť výsledky výskumu, napíšte mi nižšie (v prípade výsledkov zanechajte kontaktný údaj)."
"{""ImportId"":""startDate"",""timeZone"":""America/Denver""}","{""ImportId"":""endDate"",""timeZone"":""America/Denver""}","{""ImportId"":""status""}","{""ImportId"":""progress""}","{""ImportId"":""duration""}","{""ImportId"":""finished""}","{""ImportId"":""recordedDate"",""timeZone"":""America/Denver""}","{""ImportId"":""_recordId""}","{""ImportId"":""distributionChannel""}","{""ImportId"":""userLanguage""}","{""ImportId"":""QID1""}","{""ImportId"":""QID5_TEXT""}","{""ImportId"":""QID6""}","{""ImportId"":""QID7""}","{""ImportId"":""QID8""}","{""ImportId"":""QID9""}","{""ImportId"":""QID10_1""}","{""ImportId"":""QID11""}","{""ImportId"":""QID12_TEXT""}","{""ImportId"":""QID14_1""}","{""ImportId"":""QID15_1""}","{""ImportId"":""QID16""}","{""ImportId"":""QID13""}","{""ImportId"":""QID17_1""}","{""ImportId"":""QID17_2""}","{""ImportId"":""QID17_3""}","{""ImportId"":""QID17_5""}","{""ImportId"":""QID21""}","{""ImportId"":""QID26_FIRST_CLICK""}","{""ImportId"":""QID26_LAST_CLICK""}","{""ImportId"":""QID26_PAGE_SUBMIT""}","{""ImportId"":""QID26_CLICK_COUNT""}","{""ImportId"":""QID29""}","{""ImportId"":""QID30_FIRST_CLICK""}","{""ImportId"":""QID30_LAST_CLICK""}","{""ImportId"":""QID30_PAGE_SUBMIT""}","{""ImportId"":""QID30_CLICK_COUNT""}","{""ImportId"":""QID31""}","{""ImportId"":""QID32_FIRST_CLICK""}","{""ImportId"":""QID32_LAST_CLICK""}","{""ImportId"":""QID32_PAGE_SUBMIT""}","{""ImportId"":""QID32_CLICK_COUNT""}","{""ImportId"":""QID33""}","{""ImportId"":""QID34_FIRST_CLICK""}","{""ImportId"":""QID34_LAST_CLICK""}","{""ImportId"":""QID34_PAGE_SUBMIT""}","{""ImportId"":""QID34_CLICK_COUNT""}","{""ImportId"":""QID35""}","{""ImportId"":""QID36_FIRST_CLICK""}","{""ImportId"":""QID36_LAST_CLICK""}","{""ImportId"":""QID36_PAGE_SUBMIT""}","{""ImportId"":""QID36_CLICK_COUNT""}","{""ImportId"":""QID37""}","{""ImportId"":""QID38_FIRST_CLICK""}","{""ImportId"":""QID38_LAST_CLICK""}","{""ImportId"":""QID38_PAGE_SUBMIT""}","{""ImportId"":""QID38_CLICK_COUNT""}","{""ImportId"":""QID39""}","{""ImportId"":""QID40_FIRST_CLICK""}","{""ImportId"":""QID40_LAST_CLICK""}","{""ImportId"":""QID40_PAGE_SUBMIT""}","{""ImportId"":""QID40_CLICK_COUNT""}","{""ImportId"":""QID41""}","{""ImportId"":""QID42_FIRST_CLICK""}","{""ImportId"":""QID42_LAST_CLICK""}","{""ImportId"":""QID42_PAGE_SUBMIT""}","{""ImportId"":""QID42_CLICK_COUNT""}","{""ImportId"":""QID43""}","{""ImportId"":""QID44_FIRST_CLICK""}","{""ImportId"":""QID44_LAST_CLICK""}","{""ImportId"":""QID44_PAGE_SUBMIT""}","{""ImportId"":""QID44_CLICK_COUNT""}","{""ImportId"":""QID45""}","{""ImportId"":""QID46_FIRST_CLICK""}","{""ImportId"":""QID46_LAST_CLICK""}","{""ImportId"":""QID46_PAGE_SUBMIT""}","{""ImportId"":""QID46_CLICK_COUNT""}","{""ImportId"":""QID47""}","{""ImportId"":""QID48_FIRST_CLICK""}","{""ImportId"":""QID48_LAST_CLICK""}","{""ImportId"":""QID48_PAGE_SUBMIT""}","{""ImportId"":""QID48_CLICK_COUNT""}","{""ImportId"":""QID49""}","{""ImportId"":""QID50_FIRST_CLICK""}","{""ImportId"":""QID50_LAST_CLICK""}","{""ImportId"":""QID50_PAGE_SUBMIT""}","{""ImportId"":""QID50_CLICK_COUNT""}","{""ImportId"":""QID53_TEXT""}"
2022-05-11 11:52:06,2022-05-11 11:58:41,IP Address,100,395,True,2022-05-11 11:58:43,R_3MT1M3RGIptBp7p,anonymous,SK,Súhlasím so spracovaním mojich anonymných odpovedí pre účely výskumu,53,Žena,€2001 - €2500,Nie,,67,Východné Slovensko,3,Mám neutrálny postoj/Neviem,pomáha,"Východoslovenská energetika a.s.,Slovenský plynárenský priemysel, a.s.","Chladnička,Elektrický sporák,Tepelné čerpadlo,Práčka,Umývačka riadu",Súhlasím,Nesúhlasím,Súhlasím,Súhlasím,"KONTRAKT B

Mesačný poplatok: €$e{q://QID10/ChoiceNumericEntryValue/1}
Zdroj elektriny: Solárne elektrárne (OZ)
Pôvod elektriny: Slovenský
Možnosť zrušiť zmluvu pred vypršaním platnosti: Áno
Dodávateľ: Súčasný
",26.137,26.137,31.261,1,"KONTRAKT B

Mesačný poplatok: €$e{q://QID10/ChoiceNumericEntryValue/1 + 5}
Zdroj elektriny: Vodné elektrárne (OZ)
Pôvod elektriny: Slovenský
Možnosť zrušiť zmluvu pred vypršaním platnosti: Nie
Dodávateľ: Nutná zmena
",22.265,25.112,25.765,2,"KONTRAKT B

Mesačný poplatok: €$e{q://QID10/ChoiceNumericEntryValue/1 + 5}
Zdroj elektriny: Vodné elektrárne (OZ)
Pôvod elektriny: Zahraničný
Možnosť zrušiť zmluvu pred vypršaním platnosti: Áno
Dodávateľ: Nutná zmena
",23.971,25.584,26.478,2,"KONTRAKT B

Mesačný poplatok: €$e{q://QID10/ChoiceNumericEntryValue/1 + 5}
Zdroj elektriny: Veterné elektrárne (OZ)
Pôvod elektriny: Slovenský
Možnosť zrušiť zmluvu pred vypršaním platnosti: Nie
Dodávateľ: Súčasný
",8.418,9.963,11.01,2,"KONTRAKT B

Mesačný poplatok: €$e{q://QID10/ChoiceNumericEntryValue/1 + 5}
Zdroj elektriny: Biomasa (OZ)
Pôvod elektriny: Slovenský
Možnosť zrušiť zmluvu pred vypršaním platnosti: Áno
Dodávateľ: Súčasný
",3.779,5.293,6.27,2,"KONTRAKT B

Mesačný poplatok: €$e{q://QID10/ChoiceNumericEntryValue/1}
Zdroj elektriny: Veterné elektrárne (OZ)
Pôvod elektriny: Zahraničný
Možnosť zrušiť zmluvu pred vypršaním platnosti: Áno
Dodávateľ: Nutná zmena
",9.465,11.11,11.97,2,"KONTRAKT A

Mesačný poplatok: €$e{q://QID10/ChoiceNumericEntryValue/1}

Zdroj elektriny: Všetky obnoviteľné

Pôvod elektriny: Slovenský

Možnosť zrušiť zmluvu pred vypršaním platnosti: Nie

Dodávateľ: Súčasný
",8.517,10.848,11.734,2,"KONTRAKT A

Mesačný poplatok: €$e{q://QID10/ChoiceNumericEntryValue/1 + 2}

Zdroj elektriny: Vodné elektrárne (OZ)

Pôvod elektriny: Slovenský

Možnosť zrušiť zmluvu pred vypršaním platnosti: Áno

Dodávateľ: Nutná zmena
",5.555,6.672,7.56,2,"KONTRAKT B

Mesačný poplatok: €$e{q://QID10/ChoiceNumericEntryValue/1}
Zdroj elektriny: Biomasa (OZ)
Pôvod elektriny: Slovenský
Možnosť zrušiť zmluvu pred vypršaním platnosti: Áno
Dodávateľ: Súčasný
",4.687,5.813,6.557,2,"KONTRAKT A

Mesačný poplatok: €$e{q://QID10/ChoiceNumericEntryValue/1 + 2}

Zdroj elektriny: Veterné elektrárne (OZ)

Pôvod elektriny: Slovenský

Možnosť zrušiť zmluvu pred vypršaním platnosti: Nie

Dodávateľ: Nutná zmena
",6.026,7.258,8.435,2,"KONTRAKT B

Mesačný poplatok: €$e{q://QID10/ChoiceNumericEntryValue/1 + 5}
Zdroj elektriny: Biomasa (OZ)
Pôvod elektriny: Slovenský
Možnosť zrušiť zmluvu pred vypršaním platnosti: Nie
Dodávateľ: Nutná zmena
",2.101,2.101,4.201,1,"KONTRAKT B

Mesačný poplatok: €$e{q://QID10/ChoiceNumericEntryValue/1 + 5}
Zdroj elektriny: Solárne elektrárne (OZ)
Pôvod elektriny: Slovenský
Možnosť zrušiť zmluvu pred vypršaním platnosti: Áno
Dodávateľ: Nutná zmena
",11.948,11.948,12.801,1,
2022-05-11 11:53:17,2022-05-11 12:03:09,IP Address,100,592,True,2022-05-11 12:18:13,R_1DToeJUVStjMAtO,anonymous,SK,Súhlasím so spracovaním mojich anonymných odpovedí pre účely výskumu,47,Žena,€1501 - €2000,Áno,D1,47,Východné Slovensko,4,Obávam sa,pomáha,"Slovenské elektrárne – energetické služby, s.r.o.,Stredoslovenská energetika, a. s.,Východoslovenská energetika a.s.,Slovenský plynárenský priemysel, a.s.","Chladnička,Práčka",Neutrálny postoj/Neviem,Neutrálny postoj/Neviem,Súhlasím,Súhlasím,"KONTRAKT B

Mesačný poplatok: €$e{q://QID10/ChoiceNumericEntryValue/1}
Zdroj elektriny: Solárne elektrárne (OZ)
Pôvod elektriny: Slovenský
Možnosť zrušiť zmluvu pred vypršaním platnosti: Áno
Dodávateľ: Súčasný
",29.021,29.021,37.636,1,"KONTRAKT B

Mesačný poplatok: €$e{q://QID10/ChoiceNumericEntryValue/1 + 5}
Zdroj elektriny: Vodné elektrárne (OZ)
Pôvod elektriny: Slovenský
Možnosť zrušiť zmluvu pred vypršaním platnosti: Nie
Dodávateľ: Nutná zmena
",27.329,28.895,29.932,2,"KONTRAKT A

Mesačný poplatok: €$e{q://QID10/ChoiceNumericEntryValue/1 + 2}

Zdroj elektriny: Biomasa (OZ)

Pôvod elektriny: Zahraničný

Možnosť zrušiť zmluvu pred vypršaním platnosti: Áno

Dodávateľ: Nutná zmena
",9.263,12.629,14.919,2,"KONTRAKT B

Mesačný poplatok: €$e{q://QID10/ChoiceNumericEntryValue/1 + 5}
Zdroj elektriny: Veterné elektrárne (OZ)
Pôvod elektriny: Slovenský
Možnosť zrušiť zmluvu pred vypršaním platnosti: Nie
Dodávateľ: Súčasný
",8.928,24.463,26.055,4,"KONTRAKT B

Mesačný poplatok: €$e{q://QID10/ChoiceNumericEntryValue/1 + 5}
Zdroj elektriny: Biomasa (OZ)
Pôvod elektriny: Slovenský
Možnosť zrušiť zmluvu pred vypršaním platnosti: Áno
Dodávateľ: Súčasný
",6.113,10.86,11.52,2,"KONTRAKT B

Mesačný poplatok: €$e{q://QID10/ChoiceNumericEntryValue/1}
Zdroj elektriny: Veterné elektrárne (OZ)
Pôvod elektriny: Zahraničný
Možnosť zrušiť zmluvu pred vypršaním platnosti: Áno
Dodávateľ: Nutná zmena
",9.808,12.924,13.549,2,"KONTRAKT A

Mesačný poplatok: €$e{q://QID10/ChoiceNumericEntryValue/1}

Zdroj elektriny: Všetky obnoviteľné

Pôvod elektriny: Slovenský

Možnosť zrušiť zmluvu pred vypršaním platnosti: Nie

Dodávateľ: Súčasný
",9.967,12.5,13.082,3,"KONTRAKT B

Mesačný poplatok: €$e{q://QID10/ChoiceNumericEntryValue/1 + 5}
Zdroj elektriny: Biomasa (OZ)
Pôvod elektriny: Zahraničný
Možnosť zrušiť zmluvu pred vypršaním platnosti: Áno
Dodávateľ: Nutná zmena
",18.843,20.992,23.091,2,"KONTRAKT B

Mesačný poplatok: €$e{q://QID10/ChoiceNumericEntryValue/1}
Zdroj elektriny: Biomasa (OZ)
Pôvod elektriny: Slovenský
Možnosť zrušiť zmluvu pred vypršaním platnosti: Áno
Dodávateľ: Súčasný
",6.266,9.398,10.224,2,"KONTRAKT B

Mesačný poplatok: €$e{q://QID10/ChoiceNumericEntryValue/1 - 5}
Zdroj elektriny: Všetky dostupné (OZ+NOZ)
Pôvod elektriny: Zahraničný
Možnosť zrušiť zmluvu pred vypršaním platnosti: Áno
Dodávateľ: Nutná zmena
",22.893,24.391,25.118,2,"KONTRAKT A

Mesačný poplatok: €$e{q://QID10/ChoiceNumericEntryValue/1 + 5}

Zdroj elektriny: Všetky obnoviteľné

Pôvod elektriny: Zahraničný

Možnosť zrušiť zmluvu pred vypršaním platnosti: Áno

Dodávateľ: Súčasný
",11.332,11.332,12.606,1,"KONTRAKT B

Mesačný poplatok: €$e{q://QID10/ChoiceNumericEntryValue/1 + 5}
Zdroj elektriny: Solárne elektrárne (OZ)
Pôvod elektriny: Slovenský
Možnosť zrušiť zmluvu pred vypršaním platnosti: Áno
Dodávateľ: Nutná zmena
",12.492,12.492,15.232,1,
2022-05-11 12:10:49,2022-05-11 12:24:48,IP Address,100,839,True,2022-05-11 12:24:50,R_2BzEib2HRgW3hSU,anonymous,SK,Súhlasím so spracovaním mojich anonymných odpovedí pre účely výskumu,56,Muž,€2001 - €2500,Áno,D1,41,Východné Slovensko,4,Neobávam sa,Vôbec nepomáha,"Slovenské elektrárne – energetické služby, s.r.o.,Stredoslovenská energetika, a. s.,Východoslovenská energetika a.s.,ELGAS, s.r.o.,Slovenský plynárenský priemysel, a.s.","Chladnička,Práčka",Súhlasím,Skôr nesúhlasím,Súhlasím,Súhlasím,"KONTRAKT B

Mesačný poplatok: €$e{q://QID10/ChoiceNumericEntryValue/1}
Zdroj elektriny: Solárne elektrárne (OZ)
Pôvod elektriny: Slovenský
Možnosť zrušiť zmluvu pred vypršaním platnosti: Áno
Dodávateľ: Súčasný
",37.28,37.28,38.845,1,"KONTRAKT A

Mesačný poplatok: €$e{q://QID10/ChoiceNumericEntryValue/1 + 5}

Zdroj elektriny: Veterné elektrárne (OZ)

Pôvod elektriny: Zahraničný

Možnosť zrušiť zmluvu pred vypršaním platnosti: Nie

Dodávateľ: Súčasný
",22.977,22.977,27.038,1,"KONTRAKT B

Mesačný poplatok: €$e{q://QID10/ChoiceNumericEntryValue/1 + 5}
Zdroj elektriny: Vodné elektrárne (OZ)
Pôvod elektriny: Zahraničný
Možnosť zrušiť zmluvu pred vypršaním platnosti: Áno
Dodávateľ: Nutná zmena
",11.304,11.304,13.012,1,"KONTRAKT B

Mesačný poplatok: €$e{q://QID10/ChoiceNumericEntryValue/1 + 5}
Zdroj elektriny: Veterné elektrárne (OZ)
Pôvod elektriny: Slovenský
Možnosť zrušiť zmluvu pred vypršaním platnosti: Nie
Dodávateľ: Súčasný
",8.619,8.619,10.836,1,"KONTRAKT A

Mesačný poplatok: €$e{q://QID10/ChoiceNumericEntryValue/1 + 5}

Zdroj elektriny: Solárne elektrárne (OZ)

Pôvod elektriny: Zahraničný

Možnosť zrušiť zmluvu pred vypršaním platnosti: Nie

Dodávateľ: Nutná zmena
",9.438,9.438,11.034,1,"KONTRAKT B

Mesačný poplatok: €$e{q://QID10/ChoiceNumericEntryValue/1}
Zdroj elektriny: Veterné elektrárne (OZ)
Pôvod elektriny: Zahraničný
Možnosť zrušiť zmluvu pred vypršaním platnosti: Áno
Dodávateľ: Nutná zmena
",4.11,4.11,5.889,1,"KONTRAKT A

Mesačný poplatok: €$e{q://QID10/ChoiceNumericEntryValue/1}

Zdroj elektriny: Všetky obnoviteľné

Pôvod elektriny: Slovenský

Možnosť zrušiť zmluvu pred vypršaním platnosti: Nie

Dodávateľ: Súčasný
",4.127,4.127,6.472,1,"KONTRAKT A

Mesačný poplatok: €$e{q://QID10/ChoiceNumericEntryValue/1 + 2}

Zdroj elektriny: Vodné elektrárne (OZ)

Pôvod elektriny: Slovenský

Možnosť zrušiť zmluvu pred vypršaním platnosti: Áno

Dodávateľ: Nutná zmena
",3.517,3.517,5.033,1,"KONTRAKT A

Mesačný poplatok: €$e{q://QID10/ChoiceNumericEntryValue/1 + 5}

Zdroj elektriny: Vodné elektrárne (OZ)

Pôvod elektriny: Zahraničný

Možnosť zrušiť zmluvu pred vypršaním platnosti: Áno

Dodávateľ: Súčasný
",2.108,2.108,3.678,1,"KONTRAKT A

Mesačný poplatok: €$e{q://QID10/ChoiceNumericEntryValue/1 + 2}

Zdroj elektriny: Veterné elektrárne (OZ)

Pôvod elektriny: Slovenský

Možnosť zrušiť zmluvu pred vypršaním platnosti: Nie

Dodávateľ: Nutná zmena
",5.57,5.57,7.392,1,"KONTRAKT A

Mesačný poplatok: €$e{q://QID10/ChoiceNumericEntryValue/1 + 5}

Zdroj elektriny: Všetky obnoviteľné

Pôvod elektriny: Zahraničný

Možnosť zrušiť zmluvu pred vypršaním platnosti: Áno

Dodávateľ: Súčasný
",4.504,4.504,6.046,1,"KONTRAKT A

Mesačný poplatok: €$e{q://QID10/ChoiceNumericEntryValue/1 + 2}

Zdroj elektriny: Veterné elektrárne (OZ)

Pôvod elektriny: Zahraničný

Možnosť zrušiť zmluvu pred vypršaním platnosti: Áno

Dodávateľ: Súčasný
",4.715,4.715,6.572,1,
2022-05-12 13:57:09,2022-05-12 14:01:10,IP Address,100,240,True,2022-05-12 14:01:11,R_paVBddl8ds6hOO5,anonymous,SK,Súhlasím so spracovaním mojich anonymných odpovedí pre účely výskumu,38,Žena,€1001 - €1500,Nie,,25,Východné Slovensko,1,Veľmi sa obávam,Veľmi pomáha,"Slovenské elektrárne – energetické služby, s.r.o.,ZSE Energia, a.s.,Stredoslovenská energetika, a. s.,Východoslovenská energetika a.s.,Slovenský plynárenský priemysel, a.s.","Chladnička,Práčka",Súhlasím,Súhlasím,Súhlasím,Súhlasím,"KONTRAKT B

Mesačný poplatok: €$e{q://QID10/ChoiceNumericEntryValue/1}
Zdroj elektriny: Solárne elektrárne (OZ)
Pôvod elektriny: Slovenský
Možnosť zrušiť zmluvu pred vypršaním platnosti: Áno
Dodávateľ: Súčasný
",18.237,21.255,22.146,2,"KONTRAKT A

Mesačný poplatok: €$e{q://QID10/ChoiceNumericEntryValue/1 + 5}

Zdroj elektriny: Veterné elektrárne (OZ)

Pôvod elektriny: Zahraničný

Možnosť zrušiť zmluvu pred vypršaním platnosti: Nie

Dodávateľ: Súčasný
",17.8,17.8,19.13,1,"KONTRAKT A

Mesačný poplatok: €$e{q://QID10/ChoiceNumericEntryValue/1 + 2}

Zdroj elektriny: Biomasa (OZ)

Pôvod elektriny: Zahraničný

Možnosť zrušiť zmluvu pred vypršaním platnosti: Áno

Dodávateľ: Nutná zmena
",4.334,4.334,5.353,1,"KONTRAKT B

Mesačný poplatok: €$e{q://QID10/ChoiceNumericEntryValue/1 + 5}
Zdroj elektriny: Veterné elektrárne (OZ)
Pôvod elektriny: Slovenský
Možnosť zrušiť zmluvu pred vypršaním platnosti: Nie
Dodávateľ: Súčasný
",3.699,10.523,11.29,2,"KONTRAKT A

Mesačný poplatok: €$e{q://QID10/ChoiceNumericEntryValue/1 + 5}

Zdroj elektriny: Solárne elektrárne (OZ)

Pôvod elektriny: Zahraničný

Možnosť zrušiť zmluvu pred vypršaním platnosti: Nie

Dodávateľ: Nutná zmena
",3.902,3.902,4.794,1,"KONTRAKT B

Mesačný poplatok: €$e{q://QID10/ChoiceNumericEntryValue/1}
Zdroj elektriny: Veterné elektrárne (OZ)
Pôvod elektriny: Zahraničný
Možnosť zrušiť zmluvu pred vypršaním platnosti: Áno
Dodávateľ: Nutná zmena
",6.19,6.19,7.251,1,"KONTRAKT A

Mesačný poplatok: €$e{q://QID10/ChoiceNumericEntryValue/1}

Zdroj elektriny: Všetky obnoviteľné

Pôvod elektriny: Slovenský

Možnosť zrušiť zmluvu pred vypršaním platnosti: Nie

Dodávateľ: Súčasný
",1.983,1.983,2.941,1,"KONTRAKT A

Mesačný poplatok: €$e{q://QID10/ChoiceNumericEntryValue/1 + 2}

Zdroj elektriny: Vodné elektrárne (OZ)

Pôvod elektriny: Slovenský

Možnosť zrušiť zmluvu pred vypršaním platnosti: Áno

Dodávateľ: Nutná zmena
",4.367,4.367,5.22,1,"KONTRAKT A

Mesačný poplatok: €$e{q://QID10/ChoiceNumericEntryValue/1 + 5}

Zdroj elektriny: Vodné elektrárne (OZ)

Pôvod elektriny: Zahraničný

Možnosť zrušiť zmluvu pred vypršaním platnosti: Áno

Dodávateľ: Súčasný
",4.201,4.201,5.113,1,"KONTRAKT A

Mesačný poplatok: €$e{q://QID10/ChoiceNumericEntryValue/1 + 2}

Zdroj elektriny: Veterné elektrárne (OZ)

Pôvod elektriny: Slovenský

Možnosť zrušiť zmluvu pred vypršaním platnosti: Nie

Dodávateľ: Nutná zmena
",2.838,2.838,3.832,1,"KONTRAKT A

Mesačný poplatok: €$e{q://QID10/ChoiceNumericEntryValue/1 + 5}

Zdroj elektriny: Všetky obnoviteľné

Pôvod elektriny: Zahraničný

Možnosť zrušiť zmluvu pred vypršaním platnosti: Áno

Dodávateľ: Súčasný
",1.607,1.607,2.273,1,"KONTRAKT B

Mesačný poplatok: €$e{q://QID10/ChoiceNumericEntryValue/1 + 5}
Zdroj elektriny: Solárne elektrárne (OZ)
Pôvod elektriny: Slovenský
Možnosť zrušiť zmluvu pred vypršaním platnosti: Áno
Dodávateľ: Nutná zmena
",1.471,1.471,5.045,1,
2022-05-12 13:55:34,2022-05-12 14:01:20,IP Address,100,345,True,2022-05-12 14:01:22,R_10MnS2PtSYnSXx9,anonymous,SK,Súhlasím so spracovaním mojich anonymných odpovedí pre účely výskumu,23,Muž,€1001 - €1500,Nie,,38,Východné Slovensko,1,Obávam sa,pomáha,"A.En. Slovensko s.r.o.,Slovenské elektrárne – energetické služby, s.r.o.,EP ENERGY TRADING, a.s., organizačná zložka,Východoslovenská energetika a.s.,Slovenský plynárenský priemysel, a.s.","Chladnička,Práčka,Umývačka riadu",Skôr súhlasím,Nesúhlasím,Súhlasím,Neutrálny postoj/Neviem,"KONTRAKT B

Mesačný poplatok: €$e{q://QID10/ChoiceNumericEntryValue/1}
Zdroj elektriny: Solárne elektrárne (OZ)
Pôvod elektriny: Slovenský
Možnosť zrušiť zmluvu pred vypršaním platnosti: Áno
Dodávateľ: Súčasný
",7.256,7.256,8.156,1,"KONTRAKT B

Mesačný poplatok: €$e{q://QID10/ChoiceNumericEntryValue/1 + 5}
Zdroj elektriny: Vodné elektrárne (OZ)
Pôvod elektriny: Slovenský
Možnosť zrušiť zmluvu pred vypršaním platnosti: Nie
Dodávateľ: Nutná zmena
",14.182,18.109,19.01,4,"KONTRAKT A

Mesačný poplatok: €$e{q://QID10/ChoiceNumericEntryValue/1 + 2}

Zdroj elektriny: Biomasa (OZ)

Pôvod elektriny: Zahraničný

Možnosť zrušiť zmluvu pred vypršaním platnosti: Áno

Dodávateľ: Nutná zmena
",12.853,12.853,14.144,1,"KONTRAKT B

Mesačný poplatok: €$e{q://QID10/ChoiceNumericEntryValue/1 + 5}
Zdroj elektriny: Veterné elektrárne (OZ)
Pôvod elektriny: Slovenský
Možnosť zrušiť zmluvu pred vypršaním platnosti: Nie
Dodávateľ: Súčasný
",12.925,12.925,13.588,1,"KONTRAKT B

Mesačný poplatok: €$e{q://QID10/ChoiceNumericEntryValue/1 + 5}
Zdroj elektriny: Biomasa (OZ)
Pôvod elektriny: Slovenský
Možnosť zrušiť zmluvu pred vypršaním platnosti: Áno
Dodávateľ: Súčasný
",6.402,6.402,7.233,1,"KONTRAKT A

Mesačný poplatok: €$e{q://QID10/ChoiceNumericEntryValue/1 + 2}

Zdroj elektriny: Solárne elektrárne (OZ)

Pôvod elektriny: Zahraničný

Možnosť zrušiť zmluvu pred vypršaním platnosti: Nie

Dodávateľ: Súčasný
",15.652,15.652,17.228,1,"KONTRAKT A

Mesačný poplatok: €$e{q://QID10/ChoiceNumericEntryValue/1}

Zdroj elektriny: Všetky obnoviteľné

Pôvod elektriny: Slovenský

Možnosť zrušiť zmluvu pred vypršaním platnosti: Nie

Dodávateľ: Súčasný
",8.62,8.62,10.879,1,"KONTRAKT A

Mesačný poplatok: €$e{q://QID10/ChoiceNumericEntryValue/1 + 2}

Zdroj elektriny: Vodné elektrárne (OZ)

Pôvod elektriny: Slovenský

Možnosť zrušiť zmluvu pred vypršaním platnosti: Áno

Dodávateľ: Nutná zmena
",10.097,10.097,11.546,1,"KONTRAKT B

Mesačný poplatok: €$e{q://QID10/ChoiceNumericEntryValue/1}
Zdroj elektriny: Biomasa (OZ)
Pôvod elektriny: Slovenský
Možnosť zrušiť zmluvu pred vypršaním platnosti: Áno
Dodávateľ: Súčasný
",3.075,3.075,3.825,1,"KONTRAKT B

Mesačný poplatok: €$e{q://QID10/ChoiceNumericEntryValue/1 - 5}
Zdroj elektriny: Všetky dostupné (OZ+NOZ)
Pôvod elektriny: Zahraničný
Možnosť zrušiť zmluvu pred vypršaním platnosti: Áno
Dodávateľ: Nutná zmena
",7.01,7.01,8.269,1,"KONTRAKT A

Mesačný poplatok: €$e{q://QID10/ChoiceNumericEntryValue/1 + 5}

Zdroj elektriny: Všetky obnoviteľné

Pôvod elektriny: Zahraničný

Možnosť zrušiť zmluvu pred vypršaním platnosti: Áno

Dodávateľ: Súčasný
",10.536,10.536,11.779,1,"KONTRAKT A

Mesačný poplatok: €$e{q://QID10/ChoiceNumericEntryValue/1 + 2}

Zdroj elektriny: Veterné elektrárne (OZ)

Pôvod elektriny: Zahraničný

Možnosť zrušiť zmluvu pred vypršaním platnosti: Áno

Dodávateľ: Súčasný
",7.405,8.12,9.267,2,
2022-05-12 14:10:39,2022-05-12 14:18:42,IP Address,100,482,True,2022-05-12 14:18:44,R_2OT1ukc71EmK2AT,anonymous,SK,Súhlasím so spracovaním mojich anonymných odpovedí pre účely výskumu,36,Žena,€2501+,Áno,D4,48,Východné Slovensko,4,Mám neutrálny postoj/Neviem,pomáha,"Východoslovenská energetika a.s.,Slovenský plynárenský priemysel, a.s.","Chladnička,Klimatizácia,Elektrický sporák,Práčka,Umývačka riadu",Skôr nesúhlasím,Skôr nesúhlasím,Skôr súhlasím,Skôr súhlasím,"KONTRAKT A

Mesačný poplatok: €$e{q://QID10/ChoiceNumericEntryValue/1 - 5}

Zdroj elektriny: Všetky dostupné (OZ+NOZ)

Pôvod elektriny: Zahraničný

Možnosť zrušiť zmluvu pred vypršaním platnosti: Nie

Dodávateľ: Nutná zmena
",17.986,20.37,21.132,3,"KONTRAKT B

Mesačný poplatok: €$e{q://QID10/ChoiceNumericEntryValue/1 + 5}
Zdroj elektriny: Vodné elektrárne (OZ)
Pôvod elektriny: Slovenský
Možnosť zrušiť zmluvu pred vypršaním platnosti: Nie
Dodávateľ: Nutná zmena
",7.816,7.816,8.854,1,"KONTRAKT B

Mesačný poplatok: €$e{q://QID10/ChoiceNumericEntryValue/1 + 5}
Zdroj elektriny: Vodné elektrárne (OZ)
Pôvod elektriny: Zahraničný
Možnosť zrušiť zmluvu pred vypršaním platnosti: Áno
Dodávateľ: Nutná zmena
",12.78,13.746,13.78,2,"KONTRAKT B

Mesačný poplatok: €$e{q://QID10/ChoiceNumericEntryValue/1 + 5}
Zdroj elektriny: Veterné elektrárne (OZ)
Pôvod elektriny: Slovenský
Možnosť zrušiť zmluvu pred vypršaním platnosti: Nie
Dodávateľ: Súčasný
",9.557,9.557,10.637,1,"KONTRAKT B

Mesačný poplatok: €$e{q://QID10/ChoiceNumericEntryValue/1 + 5}
Zdroj elektriny: Biomasa (OZ)
Pôvod elektriny: Slovenský
Možnosť zrušiť zmluvu pred vypršaním platnosti: Áno
Dodávateľ: Súčasný
",13.564,18.461,19.335,2,"KONTRAKT A

Mesačný poplatok: €$e{q://QID10/ChoiceNumericEntryValue/1 + 2}

Zdroj elektriny: Solárne elektrárne (OZ)

Pôvod elektriny: Zahraničný

Možnosť zrušiť zmluvu pred vypršaním platnosti: Nie

Dodávateľ: Súčasný
",11.281,11.281,12.129,1,"KONTRAKT A

Mesačný poplatok: €$e{q://QID10/ChoiceNumericEntryValue/1}

Zdroj elektriny: Všetky obnoviteľné

Pôvod elektriny: Slovenský

Možnosť zrušiť zmluvu pred vypršaním platnosti: Nie

Dodávateľ: Súčasný
",6.276,6.276,7.172,1,"KONTRAKT A

Mesačný poplatok: €$e{q://QID10/ChoiceNumericEntryValue/1 + 2}

Zdroj elektriny: Vodné elektrárne (OZ)

Pôvod elektriny: Slovenský

Možnosť zrušiť zmluvu pred vypršaním platnosti: Áno

Dodávateľ: Nutná zmena
",11.763,11.763,12.674,1,"KONTRAKT A

Mesačný poplatok: €$e{q://QID10/ChoiceNumericEntryValue/1 + 5}

Zdroj elektriny: Vodné elektrárne (OZ)

Pôvod elektriny: Zahraničný

Možnosť zrušiť zmluvu pred vypršaním platnosti: Áno

Dodávateľ: Súčasný
",9.013,9.013,9.997,1,"KONTRAKT B

Mesačný poplatok: €$e{q://QID10/ChoiceNumericEntryValue/1 - 5}
Zdroj elektriny: Všetky dostupné (OZ+NOZ)
Pôvod elektriny: Zahraničný
Možnosť zrušiť zmluvu pred vypršaním platnosti: Áno
Dodávateľ: Nutná zmena
",6.209,7.392,7.891,2,"KONTRAKT A

Mesačný poplatok: €$e{q://QID10/ChoiceNumericEntryValue/1 + 5}

Zdroj elektriny: Všetky obnoviteľné

Pôvod elektriny: Zahraničný

Možnosť zrušiť zmluvu pred vypršaním platnosti: Áno

Dodávateľ: Súčasný
",8.175,8.175,9.061,1,"KONTRAKT B

Mesačný poplatok: €$e{q://QID10/ChoiceNumericEntryValue/1 + 5}
Zdroj elektriny: Solárne elektrárne (OZ)
Pôvod elektriny: Slovenský
Možnosť zrušiť zmluvu pred vypršaním platnosti: Áno
Dodávateľ: Nutná zmena
",9.579,9.579,10.413,1,
